질병명,진료과,증상,관련질환,동의어,부위,인덱싱문장
조갑주위염(Paronychia),피부과,"손,발톱이 두꺼워짐,압통,발적,손,발톱이 갈라짐,고름","조갑백선,조갑 이영양증,내향성 손발톱,곰팡이 감염",생인손,발,"조갑주위염(Paronychia)은(는) 피부과에서 주로 진료하며, 증상은 손,발톱이 두꺼워짐,압통,발적,손,발톱이 갈라짐,고름이(가) 있다. 관련된 질환으로는 조갑백선,조갑 이영양증,내향성 손발톱,곰팡이 감염이(가) 있으며, 같은 이름으로는 생인손과(와) 같은 명칭이 존재하고, 발과(와) 관련 있는 질환이다."
족저 근막염(Plantar Fasciitis),정형외과,"압통,발의 통증","신경종,아킬레스 건염,아킬레스 건 파열","발뒤꿈치 통증 증후군,발바닥 건염,발바닥 근막염,족저 건염",발,"족저 근막염(Plantar Fasciitis)은(는) 정형외과에서 주로 진료하며, 증상은 압통,발의 통증이(가) 있다. 관련된 질환으로는 신경종,아킬레스 건염,아킬레스 건 파열이(가) 있으며, 같은 이름으로는 발뒤꿈치 통증 증후군,발바닥 건염,발바닥 근막염,족저 건염과(와) 같은 명칭이 존재하고, 발과(와) 관련 있는 질환이다."
지간 신경종(Interdigital neuroma),정형외과,"발의 통증,무감각,저림","결절종,무지외반증,지방종","모르톤족지,발가락 신경종",발,"지간 신경종(Interdigital neuroma)은(는) 정형외과에서 주로 진료하며, 증상은 발의 통증,무감각,저림이(가) 있다. 관련된 질환으로는 결절종,무지외반증,지방종이(가) 있으며, 같은 이름으로는 모르톤족지,발가락 신경종과(와) 같은 명칭이 존재하고, 발과(와) 관련 있는 질환이다."
지체장애(Physical disability),"신경외과,신경과,재활의학과,정형외과",질병명과 같은 증상,"척수구근 근위축증,연골무형성증,외상에 의한 척수 손상,선천성 기형,근위축성 측색 경화증,뇌성 마비,척추측만증,중증 근무력증,강직성 척추염,완전 척수 손상","Orthopedic Impairment,지체부자유",발,"지체장애(Physical disability)은(는) 신경외과,신경과,재활의학과,정형외과에서 주로 진료하며, 증상은 질병명과 같은 증상이(가) 있다. 관련된 질환으로는 척수구근 근위축증,연골무형성증,외상에 의한 척수 손상,선천성 기형,근위축성 측색 경화증,뇌성 마비,척추측만증,중증 근무력증,강직성 척추염,완전 척수 손상이(가) 있으며, 같은 이름으로는 Orthopedic Impairment,지체부자유과(와) 같은 명칭이 존재하고, 발과(와) 관련 있는 질환이다."
통풍(Gout),류마티스내과,"환부 부종,오한,열,발의 통증,무릎 부위 통증","통풍성 관절염,관절염",동의어가 없다',발,"통풍(Gout)은(는) 류마티스내과에서 주로 진료하며, 증상은 환부 부종,오한,열,발의 통증,무릎 부위 통증이(가) 있다. 관련된 질환으로는 통풍성 관절염,관절염이(가) 있으며, 같은 이름으로는 동의어가 없다'과(와) 같은 명칭이 존재하고, 발과(와) 관련 있는 질환이다."
통풍성 관절염(gouty arthritis),류마티스내과,"환부 통증,운동장애,관절통,관절염",통풍,"과요산성 관절염,urarthritis",발,"통풍성 관절염(gouty arthritis)은(는) 류마티스내과에서 주로 진료하며, 증상은 환부 통증,운동장애,관절통,관절염이(가) 있다. 관련된 질환으로는 통풍이(가) 있으며, 같은 이름으로는 과요산성 관절염,urarthritis과(와) 같은 명칭이 존재하고, 발과(와) 관련 있는 질환이다."
티눈 및 굳은살(Corns and callosities),피부과,"각질이 딱딱해짐,피부 각질",조갑백선,동의어가 없다',발,"티눈 및 굳은살(Corns and callosities)은(는) 피부과에서 주로 진료하며, 증상은 각질이 딱딱해짐,피부 각질이(가) 있다. 관련된 질환으로는 조갑백선이(가) 있으며, 같은 이름으로는 동의어가 없다'과(와) 같은 명칭이 존재하고, 발과(와) 관련 있는 질환이다."
한포진(Acute vesiculobullous hand eczema),피부과,질병명과 같은 증상,"습진,천포창,무좀,수부 습진",급성 수포성 수부 습진,발,"한포진(Acute vesiculobullous hand eczema)은(는) 피부과에서 주로 진료하며, 증상은 질병명과 같은 증상이(가) 있다. 관련된 질환으로는 습진,천포창,무좀,수부 습진이(가) 있으며, 같은 이름으로는 급성 수포성 수부 습진과(와) 같은 명칭이 존재하고, 발과(와) 관련 있는 질환이다."
간 전이(Liver Metastasis),"간담도췌외과,종양내과,간이식ㆍ간담도외과,방사선종양학과","식욕부진,체중감소,복부 통증,황달","악성 흑색종,식도암,위암,폐암,유방암,췌장암,대장암",metastatic tumors of the liver,배,"간 전이(Liver Metastasis)은(는) 간담도췌외과,종양내과,간이식ㆍ간담도외과,방사선종양학과에서 주로 진료하며, 증상은 식욕부진,체중감소,복부 통증,황달이(가) 있다. 관련된 질환으로는 악성 흑색종,식도암,위암,폐암,유방암,췌장암,대장암이(가) 있으며, 같은 이름으로는 metastatic tumors of the liver과(와) 같은 명칭이 존재하고, 배과(와) 관련 있는 질환이다."
간 혈관종(Hepatic hemangioma),"소화기내과,성형외과","오심,포만감,무증상,복부 불편감",간의 양성 신생물,"hepatichemangioma,간해면상혈관종,간혈관종,해면상간혈관종",배,"간 혈관종(Hepatic hemangioma)은(는) 소화기내과,성형외과에서 주로 진료하며, 증상은 오심,포만감,무증상,복부 불편감이(가) 있다. 관련된 질환으로는 간의 양성 신생물이(가) 있으며, 같은 이름으로는 hepatichemangioma,간해면상혈관종,간혈관종,해면상간혈관종과(와) 같은 명칭이 존재하고, 배과(와) 관련 있는 질환이다."
간경화(Liver cirrhosis),"간이식ㆍ간담도외과,소화기내과","식욕부진,복수,황달,피로감,체중감소,복부 불편감,피부 긴장도 저하,오심","간세포성 암종,원발성 담즙성 경화증,간성 뇌증,간염,만성 C형 간염,만성 B형 간염,자가면역성 간염","간경변,간경변병,간경변증,간경화병,간경화증,간섬유병,간섬유증,간섬유화병,간섬유화증,간의경변",배,"간경화(Liver cirrhosis)은(는) 간이식ㆍ간담도외과,소화기내과에서 주로 진료하며, 증상은 식욕부진,복수,황달,피로감,체중감소,복부 불편감,피부 긴장도 저하,오심이(가) 있다. 관련된 질환으로는 간세포성 암종,원발성 담즙성 경화증,간성 뇌증,간염,만성 C형 간염,만성 B형 간염,자가면역성 간염이(가) 있으며, 같은 이름으로는 간경변,간경변병,간경변증,간경화병,간경화증,간섬유병,간섬유증,간섬유화병,간섬유화증,간의경변과(와) 같은 명칭이 존재하고, 배과(와) 관련 있는 질환이다."
간내 담석(IHD stone),"소화기내과,간이식ㆍ간담도외과,간담도췌외과","황달,열,소화불량,악취가 나는 설사,복부 통증","간세포성 암종,담관암,담석","간내 결석,간내결석증,간내담석증,간석증",배,"간내 담석(IHD stone)은(는) 소화기내과,간이식ㆍ간담도외과,간담도췌외과에서 주로 진료하며, 증상은 황달,열,소화불량,악취가 나는 설사,복부 통증이(가) 있다. 관련된 질환으로는 간세포성 암종,담관암,담석이(가) 있으며, 같은 이름으로는 간내 결석,간내결석증,간내담석증,간석증과(와) 같은 명칭이 존재하고, 배과(와) 관련 있는 질환이다."
간농양(Liver abscess),"간담도췌외과,감염내과,간이식ㆍ간담도외과,소화기내과","압통,황달,간비대,구토,복부 통증,오한,오심,열,기운없음,설사",아메바성 간농양,간의 고름집,배,"간농양(Liver abscess)은(는) 간담도췌외과,감염내과,간이식ㆍ간담도외과,소화기내과에서 주로 진료하며, 증상은 압통,황달,간비대,구토,복부 통증,오한,오심,열,기운없음,설사이(가) 있다. 관련된 질환으로는 아메바성 간농양이(가) 있으며, 같은 이름으로는 간의 고름집과(와) 같은 명칭이 존재하고, 배과(와) 관련 있는 질환이다."
간디스토마(Clonorchisis sinensis),소화기내과,"간비대,황달,담도감염,무증상,복부 통증,소화불량,설사",간농양,간흡충증,배,"간디스토마(Clonorchisis sinensis)은(는) 소화기내과에서 주로 진료하며, 증상은 간비대,황달,담도감염,무증상,복부 통증,소화불량,설사이(가) 있다. 관련된 질환으로는 간농양이(가) 있으며, 같은 이름으로는 간흡충증과(와) 같은 명칭이 존재하고, 배과(와) 관련 있는 질환이다."
간문부 담관암(Klatskin's tumor),"간이식ㆍ간담도외과,소화기내과,종양내과,방사선종양학과,간담도췌외과","회색변,체중감소,빈혈,식욕부진,황달,진한 소변색,열,피부소양감","간디스토마,경화성 담관염,궤양성 대장염,총담관 담석,총담관 낭,담석","간문부암,근위부 담관암,상부 담관암,클라츠킨 종양,Klatskin's tumor",배,"간문부 담관암(Klatskin's tumor)은(는) 간이식ㆍ간담도외과,소화기내과,종양내과,방사선종양학과,간담도췌외과에서 주로 진료하며, 증상은 회색변,체중감소,빈혈,식욕부진,황달,진한 소변색,열,피부소양감이(가) 있다. 관련된 질환으로는 간디스토마,경화성 담관염,궤양성 대장염,총담관 담석,총담관 낭,담석이(가) 있으며, 같은 이름으로는 간문부암,근위부 담관암,상부 담관암,클라츠킨 종양,Klatskin's tumor과(와) 같은 명칭이 존재하고, 배과(와) 관련 있는 질환이다."
간성 뇌증(Hepatic encephalopathy),소화기내과,"불면증,인지장애,혼돈,혼수,자세 불안정,감정 변화","복막염,간염,알코올성 간질환,간경화,식도 정맥류","hepatic coma,간성뇌증,간성혼수,간성혼수증",배,"간성 뇌증(Hepatic encephalopathy)은(는) 소화기내과에서 주로 진료하며, 증상은 불면증,인지장애,혼돈,혼수,자세 불안정,감정 변화이(가) 있다. 관련된 질환으로는 복막염,간염,알코올성 간질환,간경화,식도 정맥류이(가) 있으며, 같은 이름으로는 hepatic coma,간성뇌증,간성혼수,간성혼수증과(와) 같은 명칭이 존재하고, 배과(와) 관련 있는 질환이다."
간세포성 암종(Hepatocellular carcinoma),"방사선종양학과,간담도췌외과,종양내과,소화기내과,간이식ㆍ간담도외과","체중감소,복부 통증,무증상,황달,덩어리가 만져짐","만성 B형 간염,간염,간농양,간 전이","liver cancer,간세포암,간세포암종,간암",배,"간세포성 암종(Hepatocellular carcinoma)은(는) 방사선종양학과,간담도췌외과,종양내과,소화기내과,간이식ㆍ간담도외과에서 주로 진료하며, 증상은 체중감소,복부 통증,무증상,황달,덩어리가 만져짐이(가) 있다. 관련된 질환으로는 만성 B형 간염,간염,간농양,간 전이이(가) 있으며, 같은 이름으로는 liver cancer,간세포암,간세포암종,간암과(와) 같은 명칭이 존재하고, 배과(와) 관련 있는 질환이다."
간신 증후군(Hepatorenal syndrome),소화기내과,"진한 소변색,전신 부종,황달,소변량 감소,피부소양감,혼돈","신증후군,간경화",동의어가 없다',배,"간신 증후군(Hepatorenal syndrome)은(는) 소화기내과에서 주로 진료하며, 증상은 진한 소변색,전신 부종,황달,소변량 감소,피부소양감,혼돈이(가) 있다. 관련된 질환으로는 신증후군,간경화이(가) 있으며, 같은 이름으로는 동의어가 없다'과(와) 같은 명칭이 존재하고, 배과(와) 관련 있는 질환이다."
간염(Hepatitis),소화기내과,"관절통,황달,기운없음,열,오심,간성뇌증,피로감,근육통,식욕부진,진한 소변색,복부 불편감,구토,복수,간부전,두통,피부소양감","간경화,전격성 간염,급성 A형 간염,급성 바이러스성 간염,자가면역성 간염,만성 B형 간염,만성 C형 간염,지방간,독성 간염,간성 뇌증,급성 B형 간염,급성 C형 간염,복수","간세포 염증,간염증",배,"간염(Hepatitis)은(는) 소화기내과에서 주로 진료하며, 증상은 관절통,황달,기운없음,열,오심,간성뇌증,피로감,근육통,식욕부진,진한 소변색,복부 불편감,구토,복수,간부전,두통,피부소양감이(가) 있다. 관련된 질환으로는 간경화,전격성 간염,급성 A형 간염,급성 바이러스성 간염,자가면역성 간염,만성 B형 간염,만성 C형 간염,지방간,독성 간염,간성 뇌증,급성 B형 간염,급성 C형 간염,복수이(가) 있으며, 같은 이름으로는 간세포 염증,간염증과(와) 같은 명칭이 존재하고, 배과(와) 관련 있는 질환이다."
간의 양성 신생물(Benign neoplasm of the liver),"소화기내과,간담도췌외과,간이식ㆍ간담도외과","복부 압박 증상,구토,복부팽만감,오심,복부 통증,무증상","간농양,간 혈관종","간의 양성 종양,간종양",배,"간의 양성 신생물(Benign neoplasm of the liver)은(는) 소화기내과,간담도췌외과,간이식ㆍ간담도외과에서 주로 진료하며, 증상은 복부 압박 증상,구토,복부팽만감,오심,복부 통증,무증상이(가) 있다. 관련된 질환으로는 간농양,간 혈관종이(가) 있으며, 같은 이름으로는 간의 양성 종양,간종양과(와) 같은 명칭이 존재하고, 배과(와) 관련 있는 질환이다."
간이식 후 상태(Liver Transplantation status),"소화기내과,간이식ㆍ간담도외과",복부 통증,"윌슨병,선천성 담관 폐쇄증,신생아 답즙정체증,간경화,간세포성 암종",동의어가 없다',배,"간이식 후 상태(Liver Transplantation status)은(는) 소화기내과,간이식ㆍ간담도외과에서 주로 진료하며, 증상은 복부 통증이(가) 있다. 관련된 질환으로는 윌슨병,선천성 담관 폐쇄증,신생아 답즙정체증,간경화,간세포성 암종이(가) 있으며, 같은 이름으로는 동의어가 없다'과(와) 같은 명칭이 존재하고, 배과(와) 관련 있는 질환이다."
갈색세포종(Pheochromocytoma),내분비내과,"가슴 두근거림,발한,어지러움,고혈압",고혈압,크롬친화세포종,배,"갈색세포종(Pheochromocytoma)은(는) 내분비내과에서 주로 진료하며, 증상은 가슴 두근거림,발한,어지러움,고혈압이(가) 있다. 관련된 질환으로는 고혈압이(가) 있으며, 같은 이름으로는 크롬친화세포종과(와) 같은 명칭이 존재하고, 배과(와) 관련 있는 질환이다."
게실 질환(Diverticular disease),"대장항문외과,소화기내과","열,배변습관의 변화,변비,복부팽만감,위장관 출혈,오한,복부 통증",메켈 게실,"게실병,게실염,게실증,대장 게실",배,"게실 질환(Diverticular disease)은(는) 대장항문외과,소화기내과에서 주로 진료하며, 증상은 열,배변습관의 변화,변비,복부팽만감,위장관 출혈,오한,복부 통증이(가) 있다. 관련된 질환으로는 메켈 게실이(가) 있으며, 같은 이름으로는 게실병,게실염,게실증,대장 게실과(와) 같은 명칭이 존재하고, 배과(와) 관련 있는 질환이다."
결핵성 복막염(Tuberculous peritonitis),감염내과,"열,빈맥,빈호흡,발한,복부팽만감,복수,압통,식욕부진,권태감,체중감소,오심,복부 통증","결핵성 임파선염,위장관 결핵,결핵성 골수염,속립성 결핵,결핵성 수막염,복막염,결핵,폐결핵",동의어가 없다',배,"결핵성 복막염(Tuberculous peritonitis)은(는) 감염내과에서 주로 진료하며, 증상은 열,빈맥,빈호흡,발한,복부팽만감,복수,압통,식욕부진,권태감,체중감소,오심,복부 통증이(가) 있다. 관련된 질환으로는 결핵성 임파선염,위장관 결핵,결핵성 골수염,속립성 결핵,결핵성 수막염,복막염,결핵,폐결핵이(가) 있으며, 같은 이름으로는 동의어가 없다'과(와) 같은 명칭이 존재하고, 배과(와) 관련 있는 질환이다."
경화성 담관염(Sclerosing cholangitis),소화기내과,"식욕부진,체중감소,복부 통증,황달,피부소양감","담관암,대장암,간경화,간내 담석,궤양성 대장염,췌장염","경화성 담도염,원발경화성담관염",배,"경화성 담관염(Sclerosing cholangitis)은(는) 소화기내과에서 주로 진료하며, 증상은 식욕부진,체중감소,복부 통증,황달,피부소양감이(가) 있다. 관련된 질환으로는 담관암,대장암,간경화,간내 담석,궤양성 대장염,췌장염이(가) 있으며, 같은 이름으로는 경화성 담도염,원발경화성담관염과(와) 같은 명칭이 존재하고, 배과(와) 관련 있는 질환이다."
골반 염증성 질환(Pelvic inflammatory disease),산부인과,"열,복부 통증,악취,비정상적 질 분비물,골반 통증","임질,여성 불임,난소, 난관 이상","PID,골반내염증,골반내염증질환,골반염",배,"골반 염증성 질환(Pelvic inflammatory disease)은(는) 산부인과에서 주로 진료하며, 증상은 열,복부 통증,악취,비정상적 질 분비물,골반 통증이(가) 있다. 관련된 질환으로는 임질,여성 불임,난소, 난관 이상이(가) 있으며, 같은 이름으로는 PID,골반내염증,골반내염증질환,골반염과(와) 같은 명칭이 존재하고, 배과(와) 관련 있는 질환이다."
과립막 세포종(Granulosa cell tumor),산부인과,"복부 통증,무월경,생식기 출혈,성조숙증,복수,비정상적 질출혈,덩어리가 만져짐","난소의 양성 종양,난소암,난소, 난관 이상,생식선 및 생식 세포의 신생물",동의어가 없다',배,"과립막 세포종(Granulosa cell tumor)은(는) 산부인과에서 주로 진료하며, 증상은 복부 통증,무월경,생식기 출혈,성조숙증,복수,비정상적 질출혈,덩어리가 만져짐이(가) 있다. 관련된 질환으로는 난소의 양성 종양,난소암,난소, 난관 이상,생식선 및 생식 세포의 신생물이(가) 있으며, 같은 이름으로는 동의어가 없다'과(와) 같은 명칭이 존재하고, 배과(와) 관련 있는 질환이다."
구토(Vomiting),소화기내과,질병명과 같은 증상,담관암,동의어가 없다',배,"구토(Vomiting)은(는) 소화기내과에서 주로 진료하며, 증상은 질병명과 같은 증상이(가) 있다. 관련된 질환으로는 담관암이(가) 있으며, 같은 이름으로는 동의어가 없다'과(와) 같은 명칭이 존재하고, 배과(와) 관련 있는 질환이다."
궤양성 대장염(Ulcerative colitis),소화기내과,"체중감소,설사,탈수,열,빈혈,혈변,변비,복부 통증,점액변","강직성 척추염,크론병,대장 용종,장출혈성 대장균 감염증,관절염,위막성 대장염,대장염,자극성 장 증후군,대장균 감염","궤양대장염,염증성 장 질환,큰 창자염",배,"궤양성 대장염(Ulcerative colitis)은(는) 소화기내과에서 주로 진료하며, 증상은 체중감소,설사,탈수,열,빈혈,혈변,변비,복부 통증,점액변이(가) 있다. 관련된 질환으로는 강직성 척추염,크론병,대장 용종,장출혈성 대장균 감염증,관절염,위막성 대장염,대장염,자극성 장 증후군,대장균 감염이(가) 있으며, 같은 이름으로는 궤양대장염,염증성 장 질환,큰 창자염과(와) 같은 명칭이 존재하고, 배과(와) 관련 있는 질환이다."
급성 A형 간염(Acute hepatitis A),소화기내과,"열,식욕부진,황달,권태감,설사,진한 소변색,감기 증상,복부 통증,오심,구토","급성 바이러스성 간염,급성 B형 간염,급성 C형 간염",a형간염,배,"급성 A형 간염(Acute hepatitis A)은(는) 소화기내과에서 주로 진료하며, 증상은 열,식욕부진,황달,권태감,설사,진한 소변색,감기 증상,복부 통증,오심,구토이(가) 있다. 관련된 질환으로는 급성 바이러스성 간염,급성 B형 간염,급성 C형 간염이(가) 있으며, 같은 이름으로는 a형간염과(와) 같은 명칭이 존재하고, 배과(와) 관련 있는 질환이다."
급성 B형 간염(Acute hepatitis B),"소화기내과,간이식ㆍ간담도외과","피부소양감,열,오심,황달,근육통,구토,진한 소변색,권태감,설사","만성 B형 간염,간세포성 암종,간염",동의어가 없다',배,"급성 B형 간염(Acute hepatitis B)은(는) 소화기내과,간이식ㆍ간담도외과에서 주로 진료하며, 증상은 피부소양감,열,오심,황달,근육통,구토,진한 소변색,권태감,설사이(가) 있다. 관련된 질환으로는 만성 B형 간염,간세포성 암종,간염이(가) 있으며, 같은 이름으로는 동의어가 없다'과(와) 같은 명칭이 존재하고, 배과(와) 관련 있는 질환이다."
급성 C형 간염(Acute hepatitis C),"소아소화기영양과,소화기내과,간이식ㆍ간담도외과","열감,황달,근육통,콧물,피부소양감,복부 불편감,진한 소변색,식욕부진,피로감","간세포성 암종,간염,만성 C형 간염",동의어가 없다',배,"급성 C형 간염(Acute hepatitis C)은(는) 소아소화기영양과,소화기내과,간이식ㆍ간담도외과에서 주로 진료하며, 증상은 열감,황달,근육통,콧물,피부소양감,복부 불편감,진한 소변색,식욕부진,피로감이(가) 있다. 관련된 질환으로는 간세포성 암종,간염,만성 C형 간염이(가) 있으며, 같은 이름으로는 동의어가 없다'과(와) 같은 명칭이 존재하고, 배과(와) 관련 있는 질환이다."
급성 간질성 신염(Acute tubulo-interstitial nephritis),신장내과,"열,고혈압,혈뇨,단백뇨,요통,관절통,발진","신부전,만성 신부전,급성 신부전,사구체신염,고혈압",세뇨관 간질성 신염,배,"급성 간질성 신염(Acute tubulo-interstitial nephritis)은(는) 신장내과에서 주로 진료하며, 증상은 열,고혈압,혈뇨,단백뇨,요통,관절통,발진이(가) 있다. 관련된 질환으로는 신부전,만성 신부전,급성 신부전,사구체신염,고혈압이(가) 있으며, 같은 이름으로는 세뇨관 간질성 신염과(와) 같은 명칭이 존재하고, 배과(와) 관련 있는 질환이다."
급성 담낭염(Acute cholecystitis),"간이식ㆍ간담도외과,간담도췌외과,소화기내과","오심,열,복부 통증,구토","만성 담낭염,담석,담낭암",급성 쓸개염,배,"급성 담낭염(Acute cholecystitis)은(는) 간이식ㆍ간담도외과,간담도췌외과,소화기내과에서 주로 진료하며, 증상은 오심,열,복부 통증,구토이(가) 있다. 관련된 질환으로는 만성 담낭염,담석,담낭암이(가) 있으며, 같은 이름으로는 급성 쓸개염과(와) 같은 명칭이 존재하고, 배과(와) 관련 있는 질환이다."
급성 바이러스성 간염(Acute viral hepatitis),"소화기내과,간담도췌외과,간이식ㆍ간담도외과","피부 긴장도 저하,오심,복부 통증,황달,관절통,피로감,피부소양감,구토,식욕부진,권태감,근육통,감기 증상","전격성 간염,급성 A형 간염,자가면역성 간염,만성 B형 간염,간염,독성 간염,급성 B형 간염,급성 C형 간염,만성 C형 간염","Viral Hepatitis,바이러스 간염,바이러스성 간염",배,"급성 바이러스성 간염(Acute viral hepatitis)은(는) 소화기내과,간담도췌외과,간이식ㆍ간담도외과에서 주로 진료하며, 증상은 피부 긴장도 저하,오심,복부 통증,황달,관절통,피로감,피부소양감,구토,식욕부진,권태감,근육통,감기 증상이(가) 있다. 관련된 질환으로는 전격성 간염,급성 A형 간염,자가면역성 간염,만성 B형 간염,간염,독성 간염,급성 B형 간염,급성 C형 간염,만성 C형 간염이(가) 있으며, 같은 이름으로는 Viral Hepatitis,바이러스 간염,바이러스성 간염과(와) 같은 명칭이 존재하고, 배과(와) 관련 있는 질환이다."
급성 신부전(Acute renal failure),"신ㆍ췌장이식외과,신장내과","오심,구토,쇼크,전신 부종,산혈증,무뇨,저혈량 쇼크,소변량 감소,경련,탈수","신세포암종,요로결석,급성 간질성 신염,선천성 심장 질환,전격성 간염,신우요관암의 전이,신우요관암,고혈압,만성 신부전,사구체신염,신부전,말기 신질환,대동맥 협착,처그 스트라우스 증후군","급성신부전증,급성신장기능상실증,급성콩팥기능상실증",배,"급성 신부전(Acute renal failure)은(는) 신ㆍ췌장이식외과,신장내과에서 주로 진료하며, 증상은 오심,구토,쇼크,전신 부종,산혈증,무뇨,저혈량 쇼크,소변량 감소,경련,탈수이(가) 있다. 관련된 질환으로는 신세포암종,요로결석,급성 간질성 신염,선천성 심장 질환,전격성 간염,신우요관암의 전이,신우요관암,고혈압,만성 신부전,사구체신염,신부전,말기 신질환,대동맥 협착,처그 스트라우스 증후군이(가) 있으며, 같은 이름으로는 급성신부전증,급성신장기능상실증,급성콩팥기능상실증과(와) 같은 명칭이 존재하고, 배과(와) 관련 있는 질환이다."
급성 신우신염(Acute pyelonephritis),"신장내과,소아신장과,감염내과","오한,근육통,잔뇨감,두통,구토,배뇨 시 통증,빈뇨,요통,열,오심,배뇨곤란","방광요관 역류,신우요관 폐색,비임균성 요도염,임균성 요도염,대장균 감염,급성 방광염,신우요관암,요관 협착","신우신염,신우염",배,"급성 신우신염(Acute pyelonephritis)은(는) 신장내과,소아신장과,감염내과에서 주로 진료하며, 증상은 오한,근육통,잔뇨감,두통,구토,배뇨 시 통증,빈뇨,요통,열,오심,배뇨곤란이(가) 있다. 관련된 질환으로는 방광요관 역류,신우요관 폐색,비임균성 요도염,임균성 요도염,대장균 감염,급성 방광염,신우요관암,요관 협착이(가) 있으며, 같은 이름으로는 신우신염,신우염과(와) 같은 명칭이 존재하고, 배과(와) 관련 있는 질환이다."
급성 위장염(Acute gastroenteritis),"가정의학과,노년내과,소아내분비대사과,소아소화기영양과,소아신장과,소아호흡기ㆍ알레르기센터,소아외과,소화기내과","탈수,복부팽만감,설사,두통,복부 통증,구토,열","대장균 감염,아메바성 이질,장출혈성 대장균 감염증,식중독,위막성 대장염,바이러스성 장염,세균성 이질","위장염,급성 위염",배,"급성 위장염(Acute gastroenteritis)은(는) 가정의학과,노년내과,소아내분비대사과,소아소화기영양과,소아신장과,소아호흡기ㆍ알레르기센터,소아외과,소화기내과에서 주로 진료하며, 증상은 탈수,복부팽만감,설사,두통,복부 통증,구토,열이(가) 있다. 관련된 질환으로는 대장균 감염,아메바성 이질,장출혈성 대장균 감염증,식중독,위막성 대장염,바이러스성 장염,세균성 이질이(가) 있으며, 같은 이름으로는 위장염,급성 위염과(와) 같은 명칭이 존재하고, 배과(와) 관련 있는 질환이다."
급성 충수염(Acute appendicitis),"대장항문외과,소아외과","설사,식욕부진,복부 통증,구토,오심,열",복막염,"급성 충수 돌기염,급성맹장염",배,"급성 충수염(Acute appendicitis)은(는) 대장항문외과,소아외과에서 주로 진료하며, 증상은 설사,식욕부진,복부 통증,구토,오심,열이(가) 있다. 관련된 질환으로는 복막염이(가) 있으며, 같은 이름으로는 급성 충수 돌기염,급성맹장염과(와) 같은 명칭이 존재하고, 배과(와) 관련 있는 질환이다."
급성 췌장염(Acute pancreatitis),"소화기내과,간담도췌외과","황달,열,복부 통증,회색변,구토,복부팽만감,오심","췌장암,만성 췌장염,췌장염,췌장 전이암",동의어가 없다',배,"급성 췌장염(Acute pancreatitis)은(는) 소화기내과,간담도췌외과에서 주로 진료하며, 증상은 황달,열,복부 통증,회색변,구토,복부팽만감,오심이(가) 있다. 관련된 질환으로는 췌장암,만성 췌장염,췌장염,췌장 전이암이(가) 있으며, 같은 이름으로는 동의어가 없다'과(와) 같은 명칭이 존재하고, 배과(와) 관련 있는 질환이다."
기능성 위장 장애(Functional Gastrointestinal Disorder),소화기내과,"소화불량,트림,설사,복부팽만감,변비","소화불량,헬리코박터균 감염","소화불량,신경성 위염,신경성 위장병",배,"기능성 위장 장애(Functional Gastrointestinal Disorder)은(는) 소화기내과에서 주로 진료하며, 증상은 소화불량,트림,설사,복부팽만감,변비이(가) 있다. 관련된 질환으로는 소화불량,헬리코박터균 감염이(가) 있으며, 같은 이름으로는 소화불량,신경성 위염,신경성 위장병과(와) 같은 명칭이 존재하고, 배과(와) 관련 있는 질환이다."
난산(Dystocia),산부인과,비정상적인 진통,다태아,이상분만,배,"난산(Dystocia)은(는) 산부인과에서 주로 진료하며, 증상은 비정상적인 진통이(가) 있다. 관련된 질환으로는 다태아이(가) 있으며, 같은 이름으로는 이상분만과(와) 같은 명칭이 존재하고, 배과(와) 관련 있는 질환이다."
난소 낭종(Ovarian cysts),산부인과,"복부 통증,비정상적 질출혈,무증상,생식기 출혈,골반 통증,복부 압박 증상","난소암,난소의 양성 종양,다낭성 난소 증후군,난소, 난관 이상","ovarian cystic tumor,난소 낭성 종양,난소물혹,난소혹",배,"난소 낭종(Ovarian cysts)은(는) 산부인과에서 주로 진료하며, 증상은 복부 통증,비정상적 질출혈,무증상,생식기 출혈,골반 통증,복부 압박 증상이(가) 있다. 관련된 질환으로는 난소암,난소의 양성 종양,다낭성 난소 증후군,난소, 난관 이상이(가) 있으며, 같은 이름으로는 ovarian cystic tumor,난소 낭성 종양,난소물혹,난소혹과(와) 같은 명칭이 존재하고, 배과(와) 관련 있는 질환이다."
"난소난관염(Oophoritis, Ovaritis)",산부인과,"비정상적 질출혈,비정상적 질 분비물,복부 통증,열","복막염,난소, 난관 이상,여성 불임,골반 염증성 질환,임질,성병,자궁 외 임신","Oophortis,Ovaritis,난관난소염,난관염,난소염,자궁관난소염",배,"난소난관염(Oophoritis, Ovaritis)은(는) 산부인과에서 주로 진료하며, 증상은 비정상적 질출혈,비정상적 질 분비물,복부 통증,열이(가) 있다. 관련된 질환으로는 복막염,난소, 난관 이상,여성 불임,골반 염증성 질환,임질,성병,자궁 외 임신이(가) 있으며, 같은 이름으로는 Oophortis,Ovaritis,난관난소염,난관염,난소염,자궁관난소염과(와) 같은 명칭이 존재하고, 배과(와) 관련 있는 질환이다."
난소암(Ovarian cancer),"산부인과,종양내과","요통,비정상적 질출혈,복수,덩어리가 만져짐,골반 통증,생식기 출혈,복부 통증,무증상","자궁 상피 내 암종,자궁내막암,난소의 양성 종양,난소 낭종,다낭성 난소 증후군,난소, 난관 이상,자궁경부암","Malignant neoplasm of ovary,난소 악성 종양",배,"난소암(Ovarian cancer)은(는) 산부인과,종양내과에서 주로 진료하며, 증상은 요통,비정상적 질출혈,복수,덩어리가 만져짐,골반 통증,생식기 출혈,복부 통증,무증상이(가) 있다. 관련된 질환으로는 자궁 상피 내 암종,자궁내막암,난소의 양성 종양,난소 낭종,다낭성 난소 증후군,난소, 난관 이상,자궁경부암이(가) 있으며, 같은 이름으로는 Malignant neoplasm of ovary,난소 악성 종양과(와) 같은 명칭이 존재하고, 배과(와) 관련 있는 질환이다."
난소의 양성 종양(Benign ovary tumor),산부인과,"무증상,요통,골반 통증,빈뇨,배변장애,복부팽만감,복부 통증","난소, 난관 이상,난소암,난소 낭종,다낭성 난소 증후군",난소 양성 종양,배,"난소의 양성 종양(Benign ovary tumor)은(는) 산부인과에서 주로 진료하며, 증상은 무증상,요통,골반 통증,빈뇨,배변장애,복부팽만감,복부 통증이(가) 있다. 관련된 질환으로는 난소, 난관 이상,난소암,난소 낭종,다낭성 난소 증후군이(가) 있으며, 같은 이름으로는 난소 양성 종양과(와) 같은 명칭이 존재하고, 배과(와) 관련 있는 질환이다."
낭성 신장 질환(Cystic kidney disease),"신장내과,소아비뇨의학과,비뇨의학과,소아신장과","무증상,옆구리 통증,오심",신장의 신생물,"Polycystic kidney,다낭성 신증,신장물혹,PKD",배,"낭성 신장 질환(Cystic kidney disease)은(는) 신장내과,소아비뇨의학과,비뇨의학과,소아신장과에서 주로 진료하며, 증상은 무증상,옆구리 통증,오심이(가) 있다. 관련된 질환으로는 신장의 신생물이(가) 있으며, 같은 이름으로는 Polycystic kidney,다낭성 신증,신장물혹,PKD과(와) 같은 명칭이 존재하고, 배과(와) 관련 있는 질환이다."
다낭성 난소 증후군(Polycystic ovary syndrome),산부인과,"다모증,무월경,희발월경,소양감,여드름,불임,비정상적 질출혈","자궁내막암,당뇨병,자궁내막 이상증식증,무월경,다모증,인슐린 의존성 당뇨병,인슐린 비의존성 당뇨병",다낭성난소증,배,"다낭성 난소 증후군(Polycystic ovary syndrome)은(는) 산부인과에서 주로 진료하며, 증상은 다모증,무월경,희발월경,소양감,여드름,불임,비정상적 질출혈이(가) 있다. 관련된 질환으로는 자궁내막암,당뇨병,자궁내막 이상증식증,무월경,다모증,인슐린 의존성 당뇨병,인슐린 비의존성 당뇨병이(가) 있으며, 같은 이름으로는 다낭성난소증과(와) 같은 명칭이 존재하고, 배과(와) 관련 있는 질환이다."
다태아(Multifetal pregnancy),산부인과,오심,"전치 태반,자간증,이상 태위,태반 조기 박리,자간전증","쌍둥이,쌍태아,다태임신",배,"다태아(Multifetal pregnancy)은(는) 산부인과에서 주로 진료하며, 증상은 오심이(가) 있다. 관련된 질환으로는 전치 태반,자간증,이상 태위,태반 조기 박리,자간전증이(가) 있으며, 같은 이름으로는 쌍둥이,쌍태아,다태임신과(와) 같은 명칭이 존재하고, 배과(와) 관련 있는 질환이다."
단장 증후군(Short Bowel Syndrome),소화기내과,"복부 통증,지방변,빈혈,체중감소,설사","선천성 소장 결손, 폐쇄 및 협착,구루병,위장관 출혈,소장의 혈관 장애,십이지장 궤양","작은창자증후군,짧은 창자증후군",배,"단장 증후군(Short Bowel Syndrome)은(는) 소화기내과에서 주로 진료하며, 증상은 복부 통증,지방변,빈혈,체중감소,설사이(가) 있다. 관련된 질환으로는 선천성 소장 결손, 폐쇄 및 협착,구루병,위장관 출혈,소장의 혈관 장애,십이지장 궤양이(가) 있으며, 같은 이름으로는 작은창자증후군,짧은 창자증후군과(와) 같은 명칭이 존재하고, 배과(와) 관련 있는 질환이다."
담관암(Cholangiocarcinoma),"소화기내과,방사선종양학과,간이식ㆍ간담도외과,간담도췌외과,종양내과","회색변,피부소양감,진한 소변색,체중감소,황달","담석,총담관 담석,경화성 담관염,간디스토마,궤양성 대장염","담관악성종양,담관암종,담도암",배,"담관암(Cholangiocarcinoma)은(는) 소화기내과,방사선종양학과,간이식ㆍ간담도외과,간담도췌외과,종양내과에서 주로 진료하며, 증상은 회색변,피부소양감,진한 소변색,체중감소,황달이(가) 있다. 관련된 질환으로는 담석,총담관 담석,경화성 담관염,간디스토마,궤양성 대장염이(가) 있으며, 같은 이름으로는 담관악성종양,담관암종,담도암과(와) 같은 명칭이 존재하고, 배과(와) 관련 있는 질환이다."
담낭 선근종증(Aadenomyomatosis of Gallbladder),"간이식ㆍ간담도외과,간담도췌외과,소화기내과","산통,무증상,복부 통증","만성 담낭염,급성 담낭염,담석,담낭암,담낭 용종",담낭선근종,배,"담낭 선근종증(Aadenomyomatosis of Gallbladder)은(는) 간이식ㆍ간담도외과,간담도췌외과,소화기내과에서 주로 진료하며, 증상은 산통,무증상,복부 통증이(가) 있다. 관련된 질환으로는 만성 담낭염,급성 담낭염,담석,담낭암,담낭 용종이(가) 있으며, 같은 이름으로는 담낭선근종과(와) 같은 명칭이 존재하고, 배과(와) 관련 있는 질환이다."
담낭 용종(GB polyp),"간이식ㆍ간담도외과,간담도췌외과,소화기내과","복부 통증,무증상","급성 담낭염,담석,담낭암,담관암,만성 담낭염","담낭 양성용종,담낭 폴립,쓸개용종",배,"담낭 용종(GB polyp)은(는) 간이식ㆍ간담도외과,간담도췌외과,소화기내과에서 주로 진료하며, 증상은 복부 통증,무증상이(가) 있다. 관련된 질환으로는 급성 담낭염,담석,담낭암,담관암,만성 담낭염이(가) 있으며, 같은 이름으로는 담낭 양성용종,담낭 폴립,쓸개용종과(와) 같은 명칭이 존재하고, 배과(와) 관련 있는 질환이다."
담낭암(GB cancer),"소화기내과,간이식ㆍ간담도외과,방사선종양학과,간담도췌외과,종양내과","체중감소,오심,황달,복부 통증,구토,식욕부진","담석,석회화 담낭,총담관 담석,궤양성 대장염","담낭 선암종,담낭악성종양,쓸개악성종양,쓸개암",배,"담낭암(GB cancer)은(는) 소화기내과,간이식ㆍ간담도외과,방사선종양학과,간담도췌외과,종양내과에서 주로 진료하며, 증상은 체중감소,오심,황달,복부 통증,구토,식욕부진이(가) 있다. 관련된 질환으로는 담석,석회화 담낭,총담관 담석,궤양성 대장염이(가) 있으며, 같은 이름으로는 담낭 선암종,담낭악성종양,쓸개악성종양,쓸개암과(와) 같은 명칭이 존재하고, 배과(와) 관련 있는 질환이다."
담석(GB stone),"간이식ㆍ간담도외과,간담도췌외과,소화기내과","복부 통증,열,오한,황달,오심,소화불량,구토","총담관 담석,담관암,담낭암,담낭 용종,간내 담석,경화성 담관염","담석증,담낭결석",배,"담석(GB stone)은(는) 간이식ㆍ간담도외과,간담도췌외과,소화기내과에서 주로 진료하며, 증상은 복부 통증,열,오한,황달,오심,소화불량,구토이(가) 있다. 관련된 질환으로는 총담관 담석,담관암,담낭암,담낭 용종,간내 담석,경화성 담관염이(가) 있으며, 같은 이름으로는 담석증,담낭결석과(와) 같은 명칭이 존재하고, 배과(와) 관련 있는 질환이다."
대동맥류(Aortic aneurysm),"심장병원,심장내과","복부 통증,가슴 통증,실신","복부 대동맥류,동맥류,발살바동 동맥류 파열,뇌동맥류,흉부 대동맥류",동의어가 없다',배,"대동맥류(Aortic aneurysm)은(는) 심장병원,심장내과에서 주로 진료하며, 증상은 복부 통증,가슴 통증,실신이(가) 있다. 관련된 질환으로는 복부 대동맥류,동맥류,발살바동 동맥류 파열,뇌동맥류,흉부 대동맥류이(가) 있으며, 같은 이름으로는 동의어가 없다'과(와) 같은 명칭이 존재하고, 배과(와) 관련 있는 질환이다."
대장 용종(Polyp of colon),소화기내과,"복부 통증,장폐색,무증상,점액변,설사,혈변","대장암,대장의 양성 종양,대장염,장폐색,위용종","선종성 용종,용종",배,"대장 용종(Polyp of colon)은(는) 소화기내과에서 주로 진료하며, 증상은 복부 통증,장폐색,무증상,점액변,설사,혈변이(가) 있다. 관련된 질환으로는 대장암,대장의 양성 종양,대장염,장폐색,위용종이(가) 있으며, 같은 이름으로는 선종성 용종,용종과(와) 같은 명칭이 존재하고, 배과(와) 관련 있는 질환이다."
대장암(Colon cancer),"대장항문외과,소화기내과,방사선종양학과,종양내과","잔변감,소화불량,혈변,복부 통증,배변습관의 변화,흑색변,점액변","변비,대장의 양성 종양,대장 용종","결장암,대장악성종양,대장암종,대장의 악성신생물",배,"대장암(Colon cancer)은(는) 대장항문외과,소화기내과,방사선종양학과,종양내과에서 주로 진료하며, 증상은 잔변감,소화불량,혈변,복부 통증,배변습관의 변화,흑색변,점액변이(가) 있다. 관련된 질환으로는 변비,대장의 양성 종양,대장 용종이(가) 있으며, 같은 이름으로는 결장암,대장악성종양,대장암종,대장의 악성신생물과(와) 같은 명칭이 존재하고, 배과(와) 관련 있는 질환이다."
대장염(Colitis),소화기내과,"설사,배변습관의 변화,점액변","바이러스성 장염,급성 충수염,게실 질환","급성 대장염,대장질환,만성 대장염",배,"대장염(Colitis)은(는) 소화기내과에서 주로 진료하며, 증상은 설사,배변습관의 변화,점액변이(가) 있다. 관련된 질환으로는 바이러스성 장염,급성 충수염,게실 질환이(가) 있으며, 같은 이름으로는 급성 대장염,대장질환,만성 대장염과(와) 같은 명칭이 존재하고, 배과(와) 관련 있는 질환이다."
대장의 양성 종양(Benign colon tumor),"대장항문외과,소화기내과","점액변,혈변","대장 용종,대장균 감염,대장염,궤양성 대장염",대장양성종양,배,"대장의 양성 종양(Benign colon tumor)은(는) 대장항문외과,소화기내과에서 주로 진료하며, 증상은 점액변,혈변이(가) 있다. 관련된 질환으로는 대장 용종,대장균 감염,대장염,궤양성 대장염이(가) 있으며, 같은 이름으로는 대장양성종양과(와) 같은 명칭이 존재하고, 배과(와) 관련 있는 질환이다."
덤핑 증후군(Dumping syndrome),소화기내과,"복부 통증,복부팽만감,오심,저혈당,구토,빈맥,어지러움","진행성 위암,위암,조기 위암",동의어가 없다',배,"덤핑 증후군(Dumping syndrome)은(는) 소화기내과에서 주로 진료하며, 증상은 복부 통증,복부팽만감,오심,저혈당,구토,빈맥,어지러움이(가) 있다. 관련된 질환으로는 진행성 위암,위암,조기 위암이(가) 있으며, 같은 이름으로는 동의어가 없다'과(와) 같은 명칭이 존재하고, 배과(와) 관련 있는 질환이다."
독성 간염(Toxic hepatitis),소화기내과,"관절통,황달,무증상,열,복부 통증,오심,피로감,식욕부진,구토,발진","간염,자가면역성 간염,약물 발진,전격성 간염,약물 유발성 자가면역성 용혈성 빈혈","약물 유인성 간염,약인성 간염",배,"독성 간염(Toxic hepatitis)은(는) 소화기내과에서 주로 진료하며, 증상은 관절통,황달,무증상,열,복부 통증,오심,피로감,식욕부진,구토,발진이(가) 있다. 관련된 질환으로는 간염,자가면역성 간염,약물 발진,전격성 간염,약물 유발성 자가면역성 용혈성 빈혈이(가) 있으며, 같은 이름으로는 약물 유인성 간염,약인성 간염과(와) 같은 명칭이 존재하고, 배과(와) 관련 있는 질환이다."
레리시 증후군(Leriche Syndrome),,"발기부전,불임,저림","고콜레스테롤혈증,고혈압,죽상경화증",동의어가 없다',배,"레리시 증후군(Leriche Syndrome)은(는) <진료과>에서 주로 진료하며, 증상은 발기부전,불임,저림이(가) 있다. 관련된 질환으로는 고콜레스테롤혈증,고혈압,죽상경화증이(가) 있으며, 같은 이름으로는 동의어가 없다'과(와) 같은 명칭이 존재하고, 배과(와) 관련 있는 질환이다."
만기 정상 분만(Normal full term spontaneous delivery),산부인과,이슬,조산,"분만,정상분만,출산",배,"만기 정상 분만(Normal full term spontaneous delivery)은(는) 산부인과에서 주로 진료하며, 증상은 이슬이(가) 있다. 관련된 질환으로는 조산이(가) 있으며, 같은 이름으로는 분만,정상분만,출산과(와) 같은 명칭이 존재하고, 배과(와) 관련 있는 질환이다."
만성 B형 간염(Chronic hepatitis B),"간이식ㆍ간담도외과,소아소화기영양과,소화기내과","복부 통증,식욕부진,진한 소변색,열,구토,피부소양감,무증상,황달,오심,관절통","간세포성 암종,간경화,전격성 간염,급성 바이러스성 간염,간염,독성 간염,급성 B형 간염,만성 C형 간염",B형간염,배,"만성 B형 간염(Chronic hepatitis B)은(는) 간이식ㆍ간담도외과,소아소화기영양과,소화기내과에서 주로 진료하며, 증상은 복부 통증,식욕부진,진한 소변색,열,구토,피부소양감,무증상,황달,오심,관절통이(가) 있다. 관련된 질환으로는 간세포성 암종,간경화,전격성 간염,급성 바이러스성 간염,간염,독성 간염,급성 B형 간염,만성 C형 간염이(가) 있으며, 같은 이름으로는 B형간염과(와) 같은 명칭이 존재하고, 배과(와) 관련 있는 질환이다."
만성 C형 간염(Chronic hepatitis C),소화기내과,"소화불량,황달,피로감,복부 불편감,무증상","간세포성 암종,간경화,전격성 간염,독성 간염,급성 C형 간염,간염,만성 B형 간염,급성 바이러스성 간염",C형간염,배,"만성 C형 간염(Chronic hepatitis C)은(는) 소화기내과에서 주로 진료하며, 증상은 소화불량,황달,피로감,복부 불편감,무증상이(가) 있다. 관련된 질환으로는 간세포성 암종,간경화,전격성 간염,독성 간염,급성 C형 간염,간염,만성 B형 간염,급성 바이러스성 간염이(가) 있으며, 같은 이름으로는 C형간염과(와) 같은 명칭이 존재하고, 배과(와) 관련 있는 질환이다."
만성 담낭염(Chronic cholecystitis),"간이식ㆍ간담도외과,간담도췌외과,소화기내과","구토,복부 불편감,오심,방사통","담석,담낭암,급성 담낭염","담낭염,담낭염증,쓸개염,쓸개염증",배,"만성 담낭염(Chronic cholecystitis)은(는) 간이식ㆍ간담도외과,간담도췌외과,소화기내과에서 주로 진료하며, 증상은 구토,복부 불편감,오심,방사통이(가) 있다. 관련된 질환으로는 담석,담낭암,급성 담낭염이(가) 있으며, 같은 이름으로는 담낭염,담낭염증,쓸개염,쓸개염증과(와) 같은 명칭이 존재하고, 배과(와) 관련 있는 질환이다."
만성 신부전(Chronic renal failure),"소아청소년심장과,신장내과,신ㆍ췌장이식외과","복수,식욕부진,만성 신부전,혼수,피로감,빈혈,감각 이상,고혈압,면역기능 이상,피부 긴장도 저하,피부소양감","낭성 신장 질환,급성 신부전,사구체신염,신부전,당뇨병,고혈압,알포트 증후군",만성콩팥기능상실증,배,"만성 신부전(Chronic renal failure)은(는) 소아청소년심장과,신장내과,신ㆍ췌장이식외과에서 주로 진료하며, 증상은 복수,식욕부진,만성 신부전,혼수,피로감,빈혈,감각 이상,고혈압,면역기능 이상,피부 긴장도 저하,피부소양감이(가) 있다. 관련된 질환으로는 낭성 신장 질환,급성 신부전,사구체신염,신부전,당뇨병,고혈압,알포트 증후군이(가) 있으며, 같은 이름으로는 만성콩팥기능상실증과(와) 같은 명칭이 존재하고, 배과(와) 관련 있는 질환이다."
만성 신우신염(Chronic pyelonephritis),"소아신장과,감염내과,신장내과",질병명과 같은 증상,"급성 방광염,방광요관 역류,요관 협착,요로 감염,요로결석,신우요관 폐색,급성 신우신염,간질성 방광염",만성 신우염,배,"만성 신우신염(Chronic pyelonephritis)은(는) 소아신장과,감염내과,신장내과에서 주로 진료하며, 증상은 질병명과 같은 증상이(가) 있다. 관련된 질환으로는 급성 방광염,방광요관 역류,요관 협착,요로 감염,요로결석,신우요관 폐색,급성 신우신염,간질성 방광염이(가) 있으며, 같은 이름으로는 만성 신우염과(와) 같은 명칭이 존재하고, 배과(와) 관련 있는 질환이다."
만성 위염(Chronic gastritis),소화기내과,"복부 통증,오심,가슴 답답,설사,토혈,복부 압박 증상,소화불량,복부팽만감,권태감","위염,위암,진행성 위암,조기 위암,위장관 출혈,헬리코박터균 감염,위궤양",동의어가 없다',배,"만성 위염(Chronic gastritis)은(는) 소화기내과에서 주로 진료하며, 증상은 복부 통증,오심,가슴 답답,설사,토혈,복부 압박 증상,소화불량,복부팽만감,권태감이(가) 있다. 관련된 질환으로는 위염,위암,진행성 위암,조기 위암,위장관 출혈,헬리코박터균 감염,위궤양이(가) 있으며, 같은 이름으로는 동의어가 없다'과(와) 같은 명칭이 존재하고, 배과(와) 관련 있는 질환이다."
만성 췌장염(Chronic pancreatitis),"소화기내과,간담도췌외과","방사통,지방변,체중감소,복부 통증,당뇨","췌장암,급성 췌장염,췌장 전이암,췌장염",재발성 췌장염,배,"만성 췌장염(Chronic pancreatitis)은(는) 소화기내과,간담도췌외과에서 주로 진료하며, 증상은 방사통,지방변,체중감소,복부 통증,당뇨이(가) 있다. 관련된 질환으로는 췌장암,급성 췌장염,췌장 전이암,췌장염이(가) 있으며, 같은 이름으로는 재발성 췌장염과(와) 같은 명칭이 존재하고, 배과(와) 관련 있는 질환이다."
말기 신질환(End stage renal disease),"신장내과,소아신장과,신ㆍ췌장이식외과","멍,무뇨,오심,피로감,출혈 경향성,소변량 감소,혼수,피부소양감,전신 부종,혈변","만성 신부전,급성 신부전,신부전",말기 신장(콩팥)병,배,"말기 신질환(End stage renal disease)은(는) 신장내과,소아신장과,신ㆍ췌장이식외과에서 주로 진료하며, 증상은 멍,무뇨,오심,피로감,출혈 경향성,소변량 감소,혼수,피부소양감,전신 부종,혈변이(가) 있다. 관련된 질환으로는 만성 신부전,급성 신부전,신부전이(가) 있으며, 같은 이름으로는 말기 신장(콩팥)병과(와) 같은 명칭이 존재하고, 배과(와) 관련 있는 질환이다."
말로리-바이스 증후군(Mallory-weiss Syndrome),소화기내과,"토혈,구토,오심,위장관 출혈",위장관 출혈,"말로리 웨이즈 증후군,맬러리-바이스증후군,맬러리바이스증후군",배,"말로리-바이스 증후군(Mallory-weiss Syndrome)은(는) 소화기내과에서 주로 진료하며, 증상은 토혈,구토,오심,위장관 출혈이(가) 있다. 관련된 질환으로는 위장관 출혈이(가) 있으며, 같은 이름으로는 말로리 웨이즈 증후군,맬러리-바이스증후군,맬러리바이스증후군과(와) 같은 명칭이 존재하고, 배과(와) 관련 있는 질환이다."
맹장염(Appendicitis),대장항문외과,"복부 통증,변비,옆구리 통증,압통,설사","복막염,메켈 게실,게실 질환,패혈증","꼬리염,충수돌기염,충수염",배,"맹장염(Appendicitis)은(는) 대장항문외과에서 주로 진료하며, 증상은 복부 통증,변비,옆구리 통증,압통,설사이(가) 있다. 관련된 질환으로는 복막염,메켈 게실,게실 질환,패혈증이(가) 있으며, 같은 이름으로는 꼬리염,충수돌기염,충수염과(와) 같은 명칭이 존재하고, 배과(와) 관련 있는 질환이다."
메켈 게실(Meckel's diverticulum),소화기내과,"피부 긴장도 저하,창백,철결핍성 빈혈,구토,장폐색,혈변","장폐색,철결핍빈혈",동의어가 없다',배,"메켈 게실(Meckel's diverticulum)은(는) 소화기내과에서 주로 진료하며, 증상은 피부 긴장도 저하,창백,철결핍성 빈혈,구토,장폐색,혈변이(가) 있다. 관련된 질환으로는 장폐색,철결핍빈혈이(가) 있으며, 같은 이름으로는 동의어가 없다'과(와) 같은 명칭이 존재하고, 배과(와) 관련 있는 질환이다."
면역글로불린 A 신병증(IgA nephropathy),"신장내과,소아신장과","고혈압,옆구리 통증,전신 부종,단백뇨,혈뇨","신부전,사구체신염,만성 신부전,신증후군,상기도 감염","면역글로불린 A 신병증,면역글로빈 A 신병증,버거병,버거스씨병,Bergers disease,IgA 신병증,IgA 신증",배,"면역글로불린 A 신병증(IgA nephropathy)은(는) 신장내과,소아신장과에서 주로 진료하며, 증상은 고혈압,옆구리 통증,전신 부종,단백뇨,혈뇨이(가) 있다. 관련된 질환으로는 신부전,사구체신염,만성 신부전,신증후군,상기도 감염이(가) 있으며, 같은 이름으로는 면역글로불린 A 신병증,면역글로빈 A 신병증,버거병,버거스씨병,Bergers disease,IgA 신병증,IgA 신증과(와) 같은 명칭이 존재하고, 배과(와) 관련 있는 질환이다."
무월경(Amenorrhea),"내분비내과,산부인과","복부 통증,무월경,불임,복부팽만감,비정상적 질출혈,갱년기 증상","갑상선기능저하증,모호한 생식기,폐경,갑상선중독증,뇌하수체 기능부전,골다공증,성선기능저하증,다낭성 난소 증후군,섭식 장애,여성 불임,폐경기 및 여성의 갱년기 상태,원발성 월경곤란,고환 여성화 증후군,뇌하수체 기능 항진,갑상선기능항진증,넬슨 증후군",amenorrhoea,배,"무월경(Amenorrhea)은(는) 내분비내과,산부인과에서 주로 진료하며, 증상은 복부 통증,무월경,불임,복부팽만감,비정상적 질출혈,갱년기 증상이(가) 있다. 관련된 질환으로는 갑상선기능저하증,모호한 생식기,폐경,갑상선중독증,뇌하수체 기능부전,골다공증,성선기능저하증,다낭성 난소 증후군,섭식 장애,여성 불임,폐경기 및 여성의 갱년기 상태,원발성 월경곤란,고환 여성화 증후군,뇌하수체 기능 항진,갑상선기능항진증,넬슨 증후군이(가) 있으며, 같은 이름으로는 amenorrhoea과(와) 같은 명칭이 존재하고, 배과(와) 관련 있는 질환이다."
무증상 세균뇨(Asymptomatic bacteriuria),"비뇨의학과,감염내과",무증상,"방광의 신경근육 기능 장애,요로 감염,당뇨병",동의어가 없다',배,"무증상 세균뇨(Asymptomatic bacteriuria)은(는) 비뇨의학과,감염내과에서 주로 진료하며, 증상은 무증상이(가) 있다. 관련된 질환으로는 방광의 신경근육 기능 장애,요로 감염,당뇨병이(가) 있으며, 같은 이름으로는 동의어가 없다'과(와) 같은 명칭이 존재하고, 배과(와) 관련 있는 질환이다."
문맥색전증(Portal vein thrombosis),"소아소화기영양과,혈관외과,소화기내과","저혈압,문맥성고혈압,복수","동맥색전증 및 혈전증,간경화,간세포성 암종,식도 정맥류",문맥색전,배,"문맥색전증(Portal vein thrombosis)은(는) 소아소화기영양과,혈관외과,소화기내과에서 주로 진료하며, 증상은 저혈압,문맥성고혈압,복수이(가) 있다. 관련된 질환으로는 동맥색전증 및 혈전증,간경화,간세포성 암종,식도 정맥류이(가) 있으며, 같은 이름으로는 문맥색전과(와) 같은 명칭이 존재하고, 배과(와) 관련 있는 질환이다."
미세변화 신증후군(Minimal change nephrotic syndrome),"소아신장과,신장내과","전신 부종,두통,피로감,단백뇨",신증후군,동의어가 없다',배,"미세변화 신증후군(Minimal change nephrotic syndrome)은(는) 소아신장과,신장내과에서 주로 진료하며, 증상은 전신 부종,두통,피로감,단백뇨이(가) 있다. 관련된 질환으로는 신증후군이(가) 있으며, 같은 이름으로는 동의어가 없다'과(와) 같은 명칭이 존재하고, 배과(와) 관련 있는 질환이다."
바렛 식도(Barrett's esophagus),소화기내과,"작열감,가슴 쓰림,혈변,목의 이물감,가슴 통증,체중감소,삼키기 곤란,식욕부진,토혈",위식도 역류성 질환,동의어가 없다',배,"바렛 식도(Barrett's esophagus)은(는) 소화기내과에서 주로 진료하며, 증상은 작열감,가슴 쓰림,혈변,목의 이물감,가슴 통증,체중감소,삼키기 곤란,식욕부진,토혈이(가) 있다. 관련된 질환으로는 위식도 역류성 질환이(가) 있으며, 같은 이름으로는 동의어가 없다'과(와) 같은 명칭이 존재하고, 배과(와) 관련 있는 질환이다."
바이러스성 장염(Viral enteritis(Rota)),"소화기내과,가정의학과,노년내과,소아소화기영양과,소아감염과,소아호흡기ㆍ알레르기센터,소아중환자과,소아신장과,신생아과","열,탈수,콧물,구토,설사,기침","급성 위장염,대장염,식중독,노로바이러스 장염","Viral enteritis,로타바이러스,로타바이러스 장염,장염",배,"바이러스성 장염(Viral enteritis(Rota))은(는) 소화기내과,가정의학과,노년내과,소아소화기영양과,소아감염과,소아호흡기ㆍ알레르기센터,소아중환자과,소아신장과,신생아과에서 주로 진료하며, 증상은 열,탈수,콧물,구토,설사,기침이(가) 있다. 관련된 질환으로는 급성 위장염,대장염,식중독,노로바이러스 장염이(가) 있으며, 같은 이름으로는 Viral enteritis,로타바이러스,로타바이러스 장염,장염과(와) 같은 명칭이 존재하고, 배과(와) 관련 있는 질환이다."
바터 팽대부 암(AOV cancer),"종양내과,방사선종양학과,간담도췌외과,소화기내과,간이식ㆍ간담도외과","황달,복부 통증,체중감소,피로감,회색변,식욕부진,진한 소변색,피부소양감,흑색변",췌장암,십이지장 유두암,배,"바터 팽대부 암(AOV cancer)은(는) 종양내과,방사선종양학과,간담도췌외과,소화기내과,간이식ㆍ간담도외과에서 주로 진료하며, 증상은 황달,복부 통증,체중감소,피로감,회색변,식욕부진,진한 소변색,피부소양감,흑색변이(가) 있다. 관련된 질환으로는 췌장암이(가) 있으며, 같은 이름으로는 십이지장 유두암과(와) 같은 명칭이 존재하고, 배과(와) 관련 있는 질환이다."
반티 증후군(Banti syndrome),소화기내과,"혈소판감소,복부 통증,빈혈,위장관 출혈","식도 정맥류,위 정맥류",특발성 문맥고혈압,배,"반티 증후군(Banti syndrome)은(는) 소화기내과에서 주로 진료하며, 증상은 혈소판감소,복부 통증,빈혈,위장관 출혈이(가) 있다. 관련된 질환으로는 식도 정맥류,위 정맥류이(가) 있으며, 같은 이름으로는 특발성 문맥고혈압과(와) 같은 명칭이 존재하고, 배과(와) 관련 있는 질환이다."
반흔 탈장(Incisonal hernia),"위장관외과,소아외과","탈장 부위의 통증,탈장,탈장 돌출,복부팽만감","반흔 탈장,제대 탈장","절개 헤르니아,절개부 탈장,절개성 탈장,절개허니아,반흔성 탈장",배,"반흔 탈장(Incisonal hernia)은(는) 위장관외과,소아외과에서 주로 진료하며, 증상은 탈장 부위의 통증,탈장,탈장 돌출,복부팽만감이(가) 있다. 관련된 질환으로는 반흔 탈장,제대 탈장이(가) 있으며, 같은 이름으로는 절개 헤르니아,절개부 탈장,절개성 탈장,절개허니아,반흔성 탈장과(와) 같은 명칭이 존재하고, 배과(와) 관련 있는 질환이다."
방광소장 누공(Vesicointestinal fistula),비뇨의학과,"배변습관의 변화,혈뇨,분뇨","게실 질환,크론병,방광질 누공",동의어가 없다',배,"방광소장 누공(Vesicointestinal fistula)은(는) 비뇨의학과에서 주로 진료하며, 증상은 배변습관의 변화,혈뇨,분뇨이(가) 있다. 관련된 질환으로는 게실 질환,크론병,방광질 누공이(가) 있으며, 같은 이름으로는 동의어가 없다'과(와) 같은 명칭이 존재하고, 배과(와) 관련 있는 질환이다."
방광암(Bladder cancer),"종양내과,방사선종양학과,비뇨의학과","긴박뇨,하지부종,골반 통증,옆구리 통증,덩어리가 만져짐,혈뇨,배뇨 시 통증","배뇨통,혈뇨,방광요관 역류","Malignant neoplasm of bladder,방광 내 신생물,방광선암",배,"방광암(Bladder cancer)은(는) 종양내과,방사선종양학과,비뇨의학과에서 주로 진료하며, 증상은 긴박뇨,하지부종,골반 통증,옆구리 통증,덩어리가 만져짐,혈뇨,배뇨 시 통증이(가) 있다. 관련된 질환으로는 배뇨통,혈뇨,방광요관 역류이(가) 있으며, 같은 이름으로는 Malignant neoplasm of bladder,방광 내 신생물,방광선암과(와) 같은 명칭이 존재하고, 배과(와) 관련 있는 질환이다."
방광의 신경근육 기능 장애(Neuromuscular dysfunction of bladder),비뇨의학과,"배뇨 시 통증,배뇨곤란,빈뇨,소변이 샘","과민성 방광,저활동성 방광,신경인성 방광",방광의 신경근 기능장애,배,"방광의 신경근육 기능 장애(Neuromuscular dysfunction of bladder)은(는) 비뇨의학과에서 주로 진료하며, 증상은 배뇨 시 통증,배뇨곤란,빈뇨,소변이 샘이(가) 있다. 관련된 질환으로는 과민성 방광,저활동성 방광,신경인성 방광이(가) 있으며, 같은 이름으로는 방광의 신경근 기능장애과(와) 같은 명칭이 존재하고, 배과(와) 관련 있는 질환이다."
방광질 누공(Vesicovaginal fistula),비뇨의학과,"질에서 소변이 나옴,배뇨 시 통증","방광암,방광소장 누공,난산,자궁경부암",방광질루,배,"방광질 누공(Vesicovaginal fistula)은(는) 비뇨의학과에서 주로 진료하며, 증상은 질에서 소변이 나옴,배뇨 시 통증이(가) 있다. 관련된 질환으로는 방광암,방광소장 누공,난산,자궁경부암이(가) 있으며, 같은 이름으로는 방광질루과(와) 같은 명칭이 존재하고, 배과(와) 관련 있는 질환이다."
배꼽염(Omphalitis),"어린이병원,신생아과","악취,배꼽의 고름 및 피,발적",샅(서혜)육아종,"배꼽염,배꼽염증,제대염,제염",배,"배꼽염(Omphalitis)은(는) 어린이병원,신생아과에서 주로 진료하며, 증상은 악취,배꼽의 고름 및 피,발적이(가) 있다. 관련된 질환으로는 샅(서혜)육아종이(가) 있으며, 같은 이름으로는 배꼽염,배꼽염증,제대염,제염과(와) 같은 명칭이 존재하고, 배과(와) 관련 있는 질환이다."
배뇨통(Dysuria),비뇨의학과,"야간뇨,긴박뇨,배뇨 시 통증,배뇨장애,잔뇨감,빈뇨","방광암,급성 방광염,자궁경부암,다발성 경화증,완전 척수 손상,척수수막류,방광질 누공,임균성 요도염,비임균성 요도염,고환염,방광요관 역류,방광의 신경근육 기능 장애,방광소장 누공,부고환염",배뇨곤란,배,"배뇨통(Dysuria)은(는) 비뇨의학과에서 주로 진료하며, 증상은 야간뇨,긴박뇨,배뇨 시 통증,배뇨장애,잔뇨감,빈뇨이(가) 있다. 관련된 질환으로는 방광암,급성 방광염,자궁경부암,다발성 경화증,완전 척수 손상,척수수막류,방광질 누공,임균성 요도염,비임균성 요도염,고환염,방광요관 역류,방광의 신경근육 기능 장애,방광소장 누공,부고환염이(가) 있으며, 같은 이름으로는 배뇨곤란과(와) 같은 명칭이 존재하고, 배과(와) 관련 있는 질환이다."
버드 키아리 신드롬(Budd-Chiari syndrome),소화기내과,"문맥성고혈압,복부 통증,간비대,복수",간경화,"Chiari-Budd syndrome,버드증후군,키아리-버드 증후군,키아리증후군,버드-키아리 증후군",배,"버드 키아리 신드롬(Budd-Chiari syndrome)은(는) 소화기내과에서 주로 진료하며, 증상은 문맥성고혈압,복부 통증,간비대,복수이(가) 있다. 관련된 질환으로는 간경화이(가) 있으며, 같은 이름으로는 Chiari-Budd syndrome,버드증후군,키아리-버드 증후군,키아리증후군,버드-키아리 증후군과(와) 같은 명칭이 존재하고, 배과(와) 관련 있는 질환이다."
변비(Constipation),"소아소화기영양과,노년내과,소화기내과","항문출혈,복부팽만감,복부 통증,잔변감,항문 통증","대장암,위장관 기질 종양,직장암,고칼슘혈증,장폐색,치핵,뇌하수체 기능부전",동의어가 없다',배,"변비(Constipation)은(는) 소아소화기영양과,노년내과,소화기내과에서 주로 진료하며, 증상은 항문출혈,복부팽만감,복부 통증,잔변감,항문 통증이(가) 있다. 관련된 질환으로는 대장암,위장관 기질 종양,직장암,고칼슘혈증,장폐색,치핵,뇌하수체 기능부전이(가) 있으며, 같은 이름으로는 동의어가 없다'과(와) 같은 명칭이 존재하고, 배과(와) 관련 있는 질환이다."
복강 내 출혈(Intraperitoneal Bleeding),,"복부 통증,빈맥,저체온,저혈압,어지러움,창백","복부 대동맥류,자궁 외 임신",복강출혈,배,"복강 내 출혈(Intraperitoneal Bleeding)은(는) <진료과>에서 주로 진료하며, 증상은 복부 통증,빈맥,저체온,저혈압,어지러움,창백이(가) 있다. 관련된 질환으로는 복부 대동맥류,자궁 외 임신이(가) 있으며, 같은 이름으로는 복강출혈과(와) 같은 명칭이 존재하고, 배과(와) 관련 있는 질환이다."
복막 가성점액종(Pseudomyxoma Peritonei),"종양내과,대장항문외과,산부인과",질병명과 같은 증상,"난소암,충수암,난소의 양성 종양","복막 위 점액종,전이성 점액성 선암종",배,"복막 가성점액종(Pseudomyxoma Peritonei)은(는) 종양내과,대장항문외과,산부인과에서 주로 진료하며, 증상은 질병명과 같은 증상이(가) 있다. 관련된 질환으로는 난소암,충수암,난소의 양성 종양이(가) 있으며, 같은 이름으로는 복막 위 점액종,전이성 점액성 선암종과(와) 같은 명칭이 존재하고, 배과(와) 관련 있는 질환이다."
복막염(Peritonitis),소화기내과,"복부 통증,열,빈맥,호흡곤란,복부팽만감,구토,복부경련,저혈압","위궤양,급성 담낭염,급성 충수염,간농양,췌장염,십이지장 궤양,간경화",복막염증,배,"복막염(Peritonitis)은(는) 소화기내과에서 주로 진료하며, 증상은 복부 통증,열,빈맥,호흡곤란,복부팽만감,구토,복부경련,저혈압이(가) 있다. 관련된 질환으로는 위궤양,급성 담낭염,급성 충수염,간농양,췌장염,십이지장 궤양,간경화이(가) 있으며, 같은 이름으로는 복막염증과(와) 같은 명칭이 존재하고, 배과(와) 관련 있는 질환이다."
복부 대동맥류(Abdominal aortic Aneurysm),"혈관외과,심장혈관흉부외과","복부의 박동감,복부 통증,쇼크,복부팽만감,요통","고혈압,흉부 대동맥류,죽상경화증",복부동맥류,배,"복부 대동맥류(Abdominal aortic Aneurysm)은(는) 혈관외과,심장혈관흉부외과에서 주로 진료하며, 증상은 복부의 박동감,복부 통증,쇼크,복부팽만감,요통이(가) 있다. 관련된 질환으로는 고혈압,흉부 대동맥류,죽상경화증이(가) 있으며, 같은 이름으로는 복부동맥류과(와) 같은 명칭이 존재하고, 배과(와) 관련 있는 질환이다."
복부 통증(Abdominal Pain),노년내과,질병명과 같은 증상,"대동맥 박리,충수암,담관암,대장암,담낭암,간세포성 암종,췌장암,직장암,위암,간 전이,담석,바터 팽대부 암,전격성 간염,간내 담석,신세포암종,방광암,신우요관암,위염,급성 췌장염,만성 췌장염,맹장염,부신암,위궤양,십이지장 궤양,췌장염,진행성 위암,총담관 담석,조기 위암,소장암,대장 용종,궤양성 대장염,대장의 양성 종양,헤노호 쉰라인 자반증,자궁경부암,자궁내막암,난소암,자궁 상피 내 암종,췌장 전이암,전이성 신장암,신우요관암의 전이,요관 결석,대장균 감염,융모막암종,자궁 외 임신,급성 충수염,버드 키아리 신드롬,대장염,장폐색,장유착,항문 및 직장의 궤양,반티 증후군,셀리악병,위용종,복부 대동맥류,흉부 대동맥류,요로결석,장염전,식중독,대동맥류","배아픔,배앓이,배탈,복통,산통",배,"복부 통증(Abdominal Pain)은(는) 노년내과에서 주로 진료하며, 증상은 질병명과 같은 증상이(가) 있다. 관련된 질환으로는 대동맥 박리,충수암,담관암,대장암,담낭암,간세포성 암종,췌장암,직장암,위암,간 전이,담석,바터 팽대부 암,전격성 간염,간내 담석,신세포암종,방광암,신우요관암,위염,급성 췌장염,만성 췌장염,맹장염,부신암,위궤양,십이지장 궤양,췌장염,진행성 위암,총담관 담석,조기 위암,소장암,대장 용종,궤양성 대장염,대장의 양성 종양,헤노호 쉰라인 자반증,자궁경부암,자궁내막암,난소암,자궁 상피 내 암종,췌장 전이암,전이성 신장암,신우요관암의 전이,요관 결석,대장균 감염,융모막암종,자궁 외 임신,급성 충수염,버드 키아리 신드롬,대장염,장폐색,장유착,항문 및 직장의 궤양,반티 증후군,셀리악병,위용종,복부 대동맥류,흉부 대동맥류,요로결석,장염전,식중독,대동맥류이(가) 있으며, 같은 이름으로는 배아픔,배앓이,배탈,복통,산통과(와) 같은 명칭이 존재하고, 배과(와) 관련 있는 질환이다."
복수(Ascites),소화기내과,"전신 부종,탈장,소변량 감소,호흡곤란,체중증가,경정맥 확장","문맥색전증,간디스토마,미세변화 신증후군,독성 간염,간염,알코올성 간질환,신생아 답즙정체증,간경화,간 전이,간세포성 암종",동의어가 없다',배,"복수(Ascites)은(는) 소화기내과에서 주로 진료하며, 증상은 전신 부종,탈장,소변량 감소,호흡곤란,체중증가,경정맥 확장이(가) 있다. 관련된 질환으로는 문맥색전증,간디스토마,미세변화 신증후군,독성 간염,간염,알코올성 간질환,신생아 답즙정체증,간경화,간 전이,간세포성 암종이(가) 있으며, 같은 이름으로는 동의어가 없다'과(와) 같은 명칭이 존재하고, 배과(와) 관련 있는 질환이다."
부신 기능부전(Adrenal insufficiency),"내분비내과,신생아과,소아내분비대사과","구토,식욕부진,권태감,피로감,체중감소,저혈당,의식 저하,색소 침착,오심,복부 통증,열,체모감소,저혈압","곰팡이 감염,뇌하수체 기능부전,뇌하수체 양성 및 악성 신생물,쿠싱 증후군,부신 종양,자가면역 질환,뇌하수체 기능 항진,부신백질이영양증,선천성 부신과다 형성증,결핵,부신암","부신기능부전증,부신피질기능부전,부신피질기능저하증,애디슨병,에디슨병,부신기능저하증",배,"부신 기능부전(Adrenal insufficiency)은(는) 내분비내과,신생아과,소아내분비대사과에서 주로 진료하며, 증상은 구토,식욕부진,권태감,피로감,체중감소,저혈당,의식 저하,색소 침착,오심,복부 통증,열,체모감소,저혈압이(가) 있다. 관련된 질환으로는 곰팡이 감염,뇌하수체 기능부전,뇌하수체 양성 및 악성 신생물,쿠싱 증후군,부신 종양,자가면역 질환,뇌하수체 기능 항진,부신백질이영양증,선천성 부신과다 형성증,결핵,부신암이(가) 있으며, 같은 이름으로는 부신기능부전증,부신피질기능부전,부신피질기능저하증,애디슨병,에디슨병,부신기능저하증과(와) 같은 명칭이 존재하고, 배과(와) 관련 있는 질환이다."
부신 종양(Adrenal tumor),"비뇨의학과,내분비내과","남성의 여성형 유방,기운없음,발한,체중감소,당뇨,가슴 두근거림,남성스러운 목소리,복부 통증,얼굴에 털이 자람,근력 약화,고혈압,유방의 과다 성장","당뇨병,부신 기능부전,쿠싱 증후군,부신암,심계항진","Adrenal gland tumor,부신선종,부신양성종양,부신종,부신피질 세포 양성 신생물",배,"부신 종양(Adrenal tumor)은(는) 비뇨의학과,내분비내과에서 주로 진료하며, 증상은 남성의 여성형 유방,기운없음,발한,체중감소,당뇨,가슴 두근거림,남성스러운 목소리,복부 통증,얼굴에 털이 자람,근력 약화,고혈압,유방의 과다 성장이(가) 있다. 관련된 질환으로는 당뇨병,부신 기능부전,쿠싱 증후군,부신암,심계항진이(가) 있으며, 같은 이름으로는 Adrenal gland tumor,부신선종,부신양성종양,부신종,부신피질 세포 양성 신생물과(와) 같은 명칭이 존재하고, 배과(와) 관련 있는 질환이다."
부신암(Adrenal gland cancer),"종양내과,내분비내과","여드름,복부 불편감,복부팽만감,성기능 장애,전신 부종,달모양의 둥근 얼굴,식욕부진,생리불순,당뇨,빈혈,근위축,체중감소,복부비만,고혈압","부신 종양,신세포암종,부신 기능부전",부신악성종양,배,"부신암(Adrenal gland cancer)은(는) 종양내과,내분비내과에서 주로 진료하며, 증상은 여드름,복부 불편감,복부팽만감,성기능 장애,전신 부종,달모양의 둥근 얼굴,식욕부진,생리불순,당뇨,빈혈,근위축,체중감소,복부비만,고혈압이(가) 있다. 관련된 질환으로는 부신 종양,신세포암종,부신 기능부전이(가) 있으며, 같은 이름으로는 부신악성종양과(와) 같은 명칭이 존재하고, 배과(와) 관련 있는 질환이다."
분만 후 출혈(Postpartum hemorrhage),산부인과,"발한,어지러움,혼돈,비정상적 질출혈,빈맥","다태아,자궁내막암,전치 태반",산후출혈,배,"분만 후 출혈(Postpartum hemorrhage)은(는) 산부인과에서 주로 진료하며, 증상은 발한,어지러움,혼돈,비정상적 질출혈,빈맥이(가) 있다. 관련된 질환으로는 다태아,자궁내막암,전치 태반이(가) 있으며, 같은 이름으로는 산후출혈과(와) 같은 명칭이 존재하고, 배과(와) 관련 있는 질환이다."
비만(Obesity),"가정의학과,소아소화기영양과,성형외과,스포츠건강의학센터,소아내분비대사과","관절통,수면 무호흡,호흡곤란,고혈압,불임,관절염,심혈관계 증상","당뇨망막병증,수면 무호흡증,간내 담석,골관절염,인슐린 의존성 당뇨병,인슐린 비의존성 당뇨병,여성 불임,고혈압,우울증,지방간,다낭성 난소 증후군,대사 증후군","내장지방형비만,복부비만,체지방 과잉",배,"비만(Obesity)은(는) 가정의학과,소아소화기영양과,성형외과,스포츠건강의학센터,소아내분비대사과에서 주로 진료하며, 증상은 관절통,수면 무호흡,호흡곤란,고혈압,불임,관절염,심혈관계 증상이(가) 있다. 관련된 질환으로는 당뇨망막병증,수면 무호흡증,간내 담석,골관절염,인슐린 의존성 당뇨병,인슐린 비의존성 당뇨병,여성 불임,고혈압,우울증,지방간,다낭성 난소 증후군,대사 증후군이(가) 있으며, 같은 이름으로는 내장지방형비만,복부비만,체지방 과잉과(와) 같은 명칭이 존재하고, 배과(와) 관련 있는 질환이다."
비장암(Spleen Cancer),"간담도췌외과,종양내과,신ㆍ췌장이식외과","열,비정상적 질출혈",진행성 위암,동의어가 없다',배,"비장암(Spleen Cancer)은(는) 간담도췌외과,종양내과,신ㆍ췌장이식외과에서 주로 진료하며, 증상은 열,비정상적 질출혈이(가) 있다. 관련된 질환으로는 진행성 위암이(가) 있으며, 같은 이름으로는 동의어가 없다'과(와) 같은 명칭이 존재하고, 배과(와) 관련 있는 질환이다."
사구체신염(Glomerulonephritis),"신장내과,소아신장과","단백뇨,혈뇨,전신 부종","미세변화 신증후군,신증후군","급성사구체신염,만성사구체신염,신염,신장염",배,"사구체신염(Glomerulonephritis)은(는) 신장내과,소아신장과에서 주로 진료하며, 증상은 단백뇨,혈뇨,전신 부종이(가) 있다. 관련된 질환으로는 미세변화 신증후군,신증후군이(가) 있으며, 같은 이름으로는 급성사구체신염,만성사구체신염,신염,신장염과(와) 같은 명칭이 존재하고, 배과(와) 관련 있는 질환이다."
생식선 및 생식 세포의 신생물(Gonadal and germ cell neoplasma),"종양내과,방사선종양학과,소아청소년종양혈액과","뇌압상승증상,두통,구토,덩어리가 만져짐,배뇨장애,변비,오심,감기 증상,경련,배뇨 시 통증","만성 B형 간염,만성 C형 간염,급성 C형 간염,융모막암종,급성 B형 간염,난소암","Germ cell tumor,생식세포종,생식세포종양",배,"생식선 및 생식 세포의 신생물(Gonadal and germ cell neoplasma)은(는) 종양내과,방사선종양학과,소아청소년종양혈액과에서 주로 진료하며, 증상은 뇌압상승증상,두통,구토,덩어리가 만져짐,배뇨장애,변비,오심,감기 증상,경련,배뇨 시 통증이(가) 있다. 관련된 질환으로는 만성 B형 간염,만성 C형 간염,급성 C형 간염,융모막암종,급성 B형 간염,난소암이(가) 있으며, 같은 이름으로는 Germ cell tumor,생식세포종,생식세포종양과(와) 같은 명칭이 존재하고, 배과(와) 관련 있는 질환이다."
석회화 담낭(Porcelain GB),소화기내과,"오심,복부 통증,무증상,구토","급성 담낭염,담석,담낭 용종,담낭암,만성 담낭염,담낭 선근종증","석회화된 만성 담낭염,자기양 담낭",배,"석회화 담낭(Porcelain GB)은(는) 소화기내과에서 주로 진료하며, 증상은 오심,복부 통증,무증상,구토이(가) 있다. 관련된 질환으로는 급성 담낭염,담석,담낭 용종,담낭암,만성 담낭염,담낭 선근종증이(가) 있으며, 같은 이름으로는 석회화된 만성 담낭염,자기양 담낭과(와) 같은 명칭이 존재하고, 배과(와) 관련 있는 질환이다."
선모충증(Trichinellosis),감염내과,"열,설사,근육통,무증상,복부 통증,말초 신경장애,구토,호흡곤란","원충성 질환,요충증,스파르가눔증",선모충병,배,"선모충증(Trichinellosis)은(는) 감염내과에서 주로 진료하며, 증상은 열,설사,근육통,무증상,복부 통증,말초 신경장애,구토,호흡곤란이(가) 있다. 관련된 질환으로는 원충성 질환,요충증,스파르가눔증이(가) 있으며, 같은 이름으로는 선모충병과(와) 같은 명칭이 존재하고, 배과(와) 관련 있는 질환이다."
선천성 거대결장증(Hirschsprung disease),소아외과,"저체중,변비,구토,복부팽만감,탈수","신생아 괴사성 장염,변비,패혈증","Congenital aganglionic,megacolon,히르쉬스프룽병",배,"선천성 거대결장증(Hirschsprung disease)은(는) 소아외과에서 주로 진료하며, 증상은 저체중,변비,구토,복부팽만감,탈수이(가) 있다. 관련된 질환으로는 신생아 괴사성 장염,변비,패혈증이(가) 있으며, 같은 이름으로는 Congenital aganglionic,megacolon,히르쉬스프룽병과(와) 같은 명칭이 존재하고, 배과(와) 관련 있는 질환이다."
선천성 담관 폐쇄증(Congenital Atresia of Bile Ducts),"소아외과,소화기내과,소아소화기영양과","진한 소변색,흑색변,비장비대,황달,회색변,간비대,복수","헤르페스 바이러스 감염,신생아 황달,식도 정맥류,핵황달,간경화","담도폐쇄증,담관폐쇄증",배,"선천성 담관 폐쇄증(Congenital Atresia of Bile Ducts)은(는) 소아외과,소화기내과,소아소화기영양과에서 주로 진료하며, 증상은 진한 소변색,흑색변,비장비대,황달,회색변,간비대,복수이(가) 있다. 관련된 질환으로는 헤르페스 바이러스 감염,신생아 황달,식도 정맥류,핵황달,간경화이(가) 있으며, 같은 이름으로는 담도폐쇄증,담관폐쇄증과(와) 같은 명칭이 존재하고, 배과(와) 관련 있는 질환이다."
"선천성 소장 결손, 폐쇄 및 협착(Congenital absence, atresia and stenosis of intestine)","소아외과,산부인과","복부팽만감,초록색 구토","신생아 괴사성 장염,영아 비대성 유문협착증","선천성 소장 결손,선천성 소장 폐쇄,선천성 소장 협착",배,"선천성 소장 결손, 폐쇄 및 협착(Congenital absence, atresia and stenosis of intestine)은(는) 소아외과,산부인과에서 주로 진료하며, 증상은 복부팽만감,초록색 구토이(가) 있다. 관련된 질환으로는 신생아 괴사성 장염,영아 비대성 유문협착증이(가) 있으며, 같은 이름으로는 선천성 소장 결손,선천성 소장 폐쇄,선천성 소장 협착과(와) 같은 명칭이 존재하고, 배과(와) 관련 있는 질환이다."
